{
  "actual_price_num": {
    "mean": 7951.000666666667,
    "std": 14023.327145087394
  },
  "rating_num": {
    "mean": 4.095,
    "std": 0.3997768723906695
  },
  "rating_count_num": {
    "mean": 7420.486,
    "std": 5529.0599005671875
  }
}